-- phpMyAdmin SQL Dump
-- version 5.2.1
-- https://www.phpmyadmin.net/
--
-- Host: 127.0.0.1
-- Generation Time: Jul 01, 2023 at 11:55 PM
-- Server version: 10.4.28-MariaDB
-- PHP Version: 8.2.4

SET SQL_MODE = "NO_AUTO_VALUE_ON_ZERO";
START TRANSACTION;
SET time_zone = "+00:00";


/*!40101 SET @OLD_CHARACTER_SET_CLIENT=@@CHARACTER_SET_CLIENT */;
/*!40101 SET @OLD_CHARACTER_SET_RESULTS=@@CHARACTER_SET_RESULTS */;
/*!40101 SET @OLD_COLLATION_CONNECTION=@@COLLATION_CONNECTION */;
/*!40101 SET NAMES utf8mb4 */;

--
-- Database: `atdc`
--

-- --------------------------------------------------------

--
-- Table structure for table `admin`
--

CREATE TABLE `admin` (
  `username` varchar(50) NOT NULL,
  `password` varchar(200) DEFAULT NULL
) ENGINE=InnoDB DEFAULT CHARSET=utf8mb4 COLLATE=utf8mb4_general_ci;

--
-- Dumping data for table `admin`
--

INSERT INTO `admin` (`username`, `password`) VALUES
('admin', '21232f297a57a5a743894a0e4a801fc3');

-- --------------------------------------------------------

--
-- Table structure for table `cards`
--

CREATE TABLE `cards` (
  `card_id` varchar(30) NOT NULL,
  `student_id` varchar(13) NOT NULL,
  `card_active` tinyint(4) NOT NULL DEFAULT 1
) ENGINE=InnoDB DEFAULT CHARSET=utf8mb4 COLLATE=utf8mb4_general_ci;

--
-- Dumping data for table `cards`
--

INSERT INTO `cards` (`card_id`, `student_id`, `card_active`) VALUES
('0ba639012005012500112', '2005012500112', 1),
('1jxgv23i2003012200369', '2003012200369', 0),
('1z4y1yeh2001090500460', '2001090500460', 0),
('33f782ev2001040900280', '2001040900280', 0),
('414d7h0n2002060700415', '2002060700415', 0),
('8lg9uekc1996030700290', '1996030700290', 0),
('8ob48f5d2002123100389', '2002123100389', 0),
('8shpiozd1995092900269', '1995092900269', 0),
('91ef36242003040500221', '2003040500221', 1),
('97bf34632003040200001', '2003040200001', 0),
('a0s2d4f61998051200430', '1998051200430', 1),
('a2s4d6f91993012100111', '1993012100111', 1),
('a3s0d6f42003020300379', '2003020300379', 1),
('a5s3d1f92003020300153', '2003020300153', 1),
('a5s7d1f32002071000266', '2002071000266', 1),
('a7geodsk2002051500369', '2002051500369', 0),
('a7s5d9f02000091200137', '2000091200137', 1),
('b5n9m7v32001082900173', '2001082900173', 1),
('b6v0n1m31999040500107', '1999040500107', 1),
('b7v2n6m92002051500369', '2002051500369', 1),
('b8n3m7v11997100200357', '1997100200357', 1),
('c5v3b7n92001082200107', '2001082200107', 1),
('c5v3b7n92003110200150', '2003110200150', 1),
('e4r6t0y21997013000218', '1997013000218', 1),
('e4z9x2c82002020100299', '2002020100299', 1),
('e8z3x2c11997060100376', '1997060100376', 1),
('e9r7t3y12001070500161', '2001070500161', 1),
('f2g9h4j62000090400189', '2000090400189', 1),
('f6g4h2j82001100800227', '2001100800227', 1),
('fjs6xod32001100800227', '2001100800227', 0),
('g1h8j5k72003012200369', '2003012200369', 1),
('g3h7j9k51996051700339', '1996051700339', 1),
('g4h8j2k32003040500218', '2003040500218', 1),
('g6h1j7k22001020300452', '2001020300452', 1),
('g8h0j4k62002062600482', '2002062600482', 1),
('h2j6k8l42001040600398', '2001040600398', 1),
('h3j5k1l71995040700143', '1995040700143', 1),
('hlgtlew71996051700339', '1996051700339', 0),
('i7u9y3t12000031200182', '2000031200182', 1),
('i9u3y5t12001100800258', '2001100800258', 1),
('iuxgqphs2002071000266', '2002071000266', 0),
('j1k5l3p72000111800433', '2000111800433', 1),
('l2k0q8w62001090500460', '2001090500460', 1),
('l3k9q7w02005082700485', '2005082700485', 1),
('l5k7q9w31997101100344', '1997101100344', 1),
('m2n5b6v82003082700258', '2003082700258', 1),
('m3n1b6v22002021400111', '2002021400111', 1),
('m5n7b2v81994061000427', '1994061000427', 1),
('n2m0b8v61999122800370', '1999122800370', 1),
('n3bpsnr91997013000218', '1997013000218', 0),
('n4m2b8v62000101900330', '2000101900330', 1),
('n4m5j7k81998091200492', '1998091200492', 1),
('n5m8j3k12002050300377', '2002050300377', 1),
('n6m1b9v42002051400130', '2002051400130', 1),
('n7m1b3v91992072300308', '1992072300308', 1),
('ncpo0tu31997100200357', '1997100200357', 0),
('o2p4l6k72001040900139', '2001040900139', 1),
('o3p7l9k52000081700411', '2000081700411', 1),
('o7i5u9y11996030700290', '1996030700290', 1),
('o9p6l5k22003062500481', '2003062500481', 1),
('odcyt3nt1995040700143', '1995040700143', 0),
('oe2p2t5e2003062500481', '2003062500481', 0),
('pc11k3972003092000459', '2003092000459', 0),
('q1w3e5r71993121900299', '1993121900299', 1),
('q2w1e3r41999060100347', '1999060100347', 1),
('q2w4e6r82002060700415', '2002060700415', 1),
('q5w2e8r42000032800403', '2000032800403', 1),
('q5w7e2r82002111900467', '2002111900467', 1),
('q7w5e3r12000032500178', '2000032500178', 1),
('s0h3g6f12002013000171', '2002013000171', 1),
('s1h9g6f71996120800412', '1996120800412', 1),
('stjqu7ru1994061000427', '1994061000427', 0),
('t3r5e0w92001040500145', '2001040500145', 1),
('t5r7e1w32004051400210', '2004051400210', 1),
('t6r3e7w02003021200406', '2003021200406', 1),
('t8r0e6w42000111600391', '2000111600391', 1),
('t8r0e6w42003092000459', '2003092000459', 1),
('ttwgjd0f1997101100344', '1997101100344', 0),
('u6i4o3p71999071400356', '1999071400356', 1),
('u7i4o1p32003062500323', '2003062500323', 1),
('u9i0o2p41994040100148', '1994040100148', 1),
('u9i7o5p32000122400330', '2000122400330', 1),
('ua31y9zj2001070500161', '2001070500161', 0),
('uasdk4k42003110200150', '2003110200150', 0),
('wt8o5pop2001082900173', '2001082900173', 0),
('x0z8c6v42003080500466', '2003080500466', 1),
('x2z4c6v91995092900269', '1995092900269', 1),
('x7z2c3v02002020100410', '2002020100410', 1),
('y1u9i7o52001110800379', '2001110800379', 1),
('y4u2i8o32000111900496', '2000111900496', 1),
('y9u0i2o42004011000215', '2004011000215', 1),
('y9u2i4o62002123100389', '2002123100389', 1),
('z4x6c8v22001040900280', '2001040900280', 1),
('z8x5c4v62006011000459', '2006011000459', 1),
('z9x1c3v51998091200180', '1998091200180', 1),
('zzuawm602003021200406', '2003021200406', 0);

-- --------------------------------------------------------

--
-- Table structure for table `classe`
--

CREATE TABLE `classe` (
  `class_id` int(11) NOT NULL,
  `name` varchar(50) NOT NULL,
  `level` varchar(10) NOT NULL
) ENGINE=InnoDB DEFAULT CHARSET=utf8mb4 COLLATE=utf8mb4_general_ci;

--
-- Dumping data for table `classe`
--

INSERT INTO `classe` (`class_id`, `name`, `level`) VALUES
(1, 'Developpement digital', '101'),
(35, 'Gestion des entreprises', '101'),
(34, 'infographie', '101');

-- --------------------------------------------------------

--
-- Table structure for table `log_history`
--

CREATE TABLE `log_history` (
  `scan_id` bigint(100) NOT NULL,
  `session_id` int(11) NOT NULL,
  `card_id` varchar(30) NOT NULL,
  `scan_time` timestamp NOT NULL DEFAULT current_timestamp() ON UPDATE current_timestamp()
) ENGINE=InnoDB DEFAULT CHARSET=utf8mb4 COLLATE=utf8mb4_general_ci;

--
-- Dumping data for table `log_history`
--

INSERT INTO `log_history` (`scan_id`, `session_id`, `card_id`, `scan_time`) VALUES
(846, 65, 'b6v0n1m31999040500107', '2023-06-12 12:39:22'),
(847, 65, '91ef36242003040500221', '2023-06-12 12:40:05'),
(848, 65, 'q2w1e3r41999060100347', '2023-06-12 12:29:28'),
(849, 65, 'l3k9q7w02005082700485', '2023-06-12 12:36:15'),
(850, 65, 'q5w7e2r82002111900467', '2023-06-12 12:25:05'),
(851, 65, 't5r7e1w32004051400210', '2023-06-12 12:18:31'),
(852, 65, 'm2n5b6v82003082700258', '2023-06-12 12:36:59'),
(853, 65, 's1h9g6f71996120800412', '2023-06-12 12:37:53'),
(854, 65, 'i9u3y5t12001100800258', '2023-06-12 12:36:12'),
(855, 65, 'g6h1j7k22001020300452', '2023-06-12 12:24:13'),
(856, 65, 'y9u0i2o42004011000215', '2023-06-12 12:27:21'),
(857, 65, 'z8x5c4v62006011000459', '2023-06-12 12:39:57'),
(858, 65, 'n4m5j7k81998091200492', '2023-06-12 12:18:50'),
(859, 65, 'e8z3x2c11997060100376', '2023-06-12 12:35:49'),
(860, 65, '0ba639012005012500112', '2023-06-12 12:31:35'),
(861, 65, 'a7s5d9f02000091200137', '2023-06-12 12:35:07'),
(862, 65, 'g4h8j2k32003040500218', '2023-06-12 12:21:52'),
(863, 65, 'n6m1b9v42002051400130', '2023-06-12 12:37:19'),
(864, 65, 'y4u2i8o32000111900496', '2023-06-12 12:39:32'),
(865, 65, 't3r5e0w92001040500145', '2023-06-12 12:41:56'),
(866, 65, 'x7z2c3v02002020100410', '2023-06-12 12:29:11'),
(867, 65, 'u7i4o1p32003062500323', '2023-06-12 12:43:28'),
(868, 66, 'a0s2d4f61998051200430', '2023-06-12 07:20:33'),
(869, 66, 'y1u9i7o52001110800379', '2023-06-12 07:28:35'),
(870, 66, 'x2z4c6v91995092900269', '2023-06-12 07:36:58'),
(871, 66, 'g8h0j4k62002062600482', '2023-06-12 07:42:20'),
(872, 66, 'l5k7q9w31997101100344', '2023-06-12 07:38:32'),
(873, 66, 'a2s4d6f91993012100111', '2023-06-12 07:28:48'),
(874, 66, 'g3h7j9k51996051700339', '2023-06-12 07:25:07'),
(875, 66, 't8r0e6w42000111600391', '2023-06-12 07:15:10'),
(876, 66, 'q7w5e3r12000032500178', '2023-06-12 07:33:56'),
(877, 66, 'm5n7b2v81994061000427', '2023-06-12 07:41:39'),
(878, 66, 'n2m0b8v61999122800370', '2023-06-12 07:43:28'),
(879, 66, 'z9x1c3v51998091200180', '2023-06-12 07:18:39'),
(880, 66, 'n7m1b3v91992072300308', '2023-06-12 07:17:30'),
(881, 66, 'f2g9h4j62000090400189', '2023-06-12 07:40:53'),
(882, 66, 'q1w3e5r71993121900299', '2023-06-12 07:15:18'),
(883, 66, 'c5v3b7n92001082200107', '2023-06-12 07:39:48'),
(884, 66, 'u9i0o2p41994040100148', '2023-06-12 07:29:17'),
(885, 66, 'u6i4o3p71999071400356', '2023-06-12 07:37:22'),
(886, 66, 'm3n1b6v22002021400111', '2023-06-12 07:27:13'),
(887, 66, 'x0z8c6v42003080500466', '2023-06-12 07:28:16'),
(888, 66, 'h3j5k1l71995040700143', '2023-06-12 07:37:11'),
(889, 66, 'o7i5u9y11996030700290', '2023-06-12 07:26:54'),
(890, 66, 'b8n3m7v11997100200357', '2023-06-12 07:33:53'),
(891, 67, 'q1w3e5r71993121900299', '2023-06-12 12:20:31'),
(892, 67, 'l5k7q9w31997101100344', '2023-06-12 12:33:03'),
(893, 67, 'm5n7b2v81994061000427', '2023-06-12 12:30:15'),
(894, 67, 'n2m0b8v61999122800370', '2023-06-12 12:21:04'),
(895, 67, 'g3h7j9k51996051700339', '2023-06-12 12:38:14'),
(896, 67, 'u9i0o2p41994040100148', '2023-06-12 12:23:35'),
(897, 67, 'o7i5u9y11996030700290', '2023-06-12 12:38:22'),
(898, 67, 'q7w5e3r12000032500178', '2023-06-12 12:26:47'),
(899, 67, 'a0s2d4f61998051200430', '2023-06-12 12:19:37'),
(900, 67, 'u6i4o3p71999071400356', '2023-06-12 12:39:36'),
(901, 67, 'g8h0j4k62002062600482', '2023-06-12 12:35:52'),
(902, 67, 'm3n1b6v22002021400111', '2023-06-12 12:43:50'),
(903, 67, 'a2s4d6f91993012100111', '2023-06-12 12:42:50'),
(904, 67, 'x0z8c6v42003080500466', '2023-06-12 12:34:31'),
(905, 67, 'n7m1b3v91992072300308', '2023-06-12 12:44:08'),
(906, 67, 'c5v3b7n92001082200107', '2023-06-12 12:38:22'),
(907, 67, 'f2g9h4j62000090400189', '2023-06-12 12:18:56'),
(908, 68, 'o3p7l9k52000081700411', '2023-06-12 07:43:10'),
(909, 68, 's0h3g6f12002013000171', '2023-06-12 07:30:06'),
(910, 68, 'n5m8j3k12002050300377', '2023-06-12 07:30:50'),
(911, 68, 'y9u2i4o62002123100389', '2023-06-12 07:33:31'),
(912, 68, 'o9p6l5k22003062500481', '2023-06-12 07:43:00'),
(913, 68, 't6r3e7w02003021200406', '2023-06-12 07:25:46'),
(914, 68, 't8r0e6w42003092000459', '2023-06-12 07:26:10'),
(915, 68, 'c5v3b7n92003110200150', '2023-06-12 07:30:47'),
(916, 68, 'f6g4h2j82001100800227', '2023-06-12 07:30:07'),
(917, 68, 'q5w2e8r42000032800403', '2023-06-12 07:22:30'),
(918, 68, 'e4z9x2c82002020100299', '2023-06-12 07:38:12'),
(919, 68, 'z4x6c8v22001040900280', '2023-06-12 07:29:57'),
(920, 68, 'b5n9m7v32001082900173', '2023-06-12 07:28:39'),
(921, 68, 'e9r7t3y12001070500161', '2023-06-12 07:22:40'),
(922, 68, 'q2w4e6r82002060700415', '2023-06-12 07:24:08'),
(923, 68, 'b7v2n6m92002051500369', '2023-06-12 07:38:14'),
(924, 68, 'j1k5l3p72000111800433', '2023-06-12 07:15:19'),
(925, 68, 'a5s7d1f32002071000266', '2023-06-12 07:36:59'),
(926, 68, 'i7u9y3t12000031200182', '2023-06-12 07:31:23'),
(927, 68, 'h2j6k8l42001040600398', '2023-06-12 07:36:52'),
(928, 68, 'n4m2b8v62000101900330', '2023-06-12 07:19:16'),
(929, 69, 'n4m5j7k81998091200492', '2023-06-13 07:23:28'),
(930, 69, 'y4u2i8o32000111900496', '2023-06-13 07:15:25'),
(931, 69, 'y9u0i2o42004011000215', '2023-06-13 07:44:22'),
(932, 69, 'l3k9q7w02005082700485', '2023-06-13 07:32:47'),
(933, 69, 'q5w7e2r82002111900467', '2023-06-13 07:33:39'),
(934, 69, 'n6m1b9v42002051400130', '2023-06-13 07:17:59'),
(935, 69, 'g6h1j7k22001020300452', '2023-06-13 07:19:01'),
(936, 69, 't5r7e1w32004051400210', '2023-06-13 07:41:35'),
(937, 69, 'g4h8j2k32003040500218', '2023-06-13 07:37:15'),
(938, 69, 'z8x5c4v62006011000459', '2023-06-13 07:25:40'),
(939, 69, '0ba639012005012500112', '2023-06-13 07:39:49'),
(940, 69, 'q2w1e3r41999060100347', '2023-06-13 07:28:48'),
(941, 69, 'a3s0d6f42003020300379', '2023-06-13 07:34:28'),
(942, 69, '91ef36242003040500221', '2023-06-13 07:18:17'),
(943, 69, 'o2p4l6k72001040900139', '2023-06-13 07:25:27'),
(944, 69, 'u7i4o1p32003062500323', '2023-06-13 07:21:14'),
(945, 69, 'm2n5b6v82003082700258', '2023-06-13 07:41:20'),
(946, 69, 't3r5e0w92001040500145', '2023-06-13 07:24:54'),
(947, 69, 's1h9g6f71996120800412', '2023-06-13 07:31:19'),
(948, 69, 'e8z3x2c11997060100376', '2023-06-13 07:21:00'),
(949, 69, 'b6v0n1m31999040500107', '2023-06-13 07:36:13'),
(950, 69, 'a7s5d9f02000091200137', '2023-06-13 07:24:30'),
(951, 69, 'i9u3y5t12001100800258', '2023-06-13 07:20:23'),
(952, 70, 'y9u0i2o42004011000215', '2023-06-13 12:44:17'),
(953, 70, 'q5w7e2r82002111900467', '2023-06-13 12:22:09'),
(954, 70, 't5r7e1w32004051400210', '2023-06-13 12:35:34'),
(955, 70, 'z8x5c4v62006011000459', '2023-06-13 12:22:51'),
(956, 70, '91ef36242003040500221', '2023-06-13 12:43:06'),
(957, 70, 'a7s5d9f02000091200137', '2023-06-13 12:21:01'),
(958, 70, 's1h9g6f71996120800412', '2023-06-13 12:23:02'),
(959, 70, 'b6v0n1m31999040500107', '2023-06-13 12:18:16'),
(960, 70, 'u7i4o1p32003062500323', '2023-06-13 12:30:38'),
(961, 70, 'g6h1j7k22001020300452', '2023-06-13 12:32:51'),
(962, 70, '0ba639012005012500112', '2023-06-13 12:43:51'),
(963, 70, 'x7z2c3v02002020100410', '2023-06-13 12:32:15'),
(964, 70, 'q2w1e3r41999060100347', '2023-06-13 12:37:08'),
(965, 70, 'n4m5j7k81998091200492', '2023-06-13 12:40:46'),
(966, 70, 'e8z3x2c11997060100376', '2023-06-13 12:23:05'),
(967, 70, 'g4h8j2k32003040500218', '2023-06-13 12:19:27'),
(968, 70, 'o2p4l6k72001040900139', '2023-06-13 12:17:58'),
(969, 70, 'n6m1b9v42002051400130', '2023-06-13 12:28:50'),
(970, 70, 't3r5e0w92001040500145', '2023-06-13 12:31:31'),
(971, 70, 'a3s0d6f42003020300379', '2023-06-13 12:26:51'),
(972, 70, 'l3k9q7w02005082700485', '2023-06-13 12:23:46'),
(973, 70, 'i9u3y5t12001100800258', '2023-06-13 12:44:09'),
(974, 70, 'm2n5b6v82003082700258', '2023-06-13 12:29:53'),
(975, 71, 'o2p4l6k72001040900139', '2023-06-13 14:43:29'),
(976, 71, 'b6v0n1m31999040500107', '2023-06-13 14:49:46'),
(977, 71, 'n4m5j7k81998091200492', '2023-06-13 14:55:50'),
(978, 71, 't5r7e1w32004051400210', '2023-06-13 14:43:54'),
(979, 71, 'g4h8j2k32003040500218', '2023-06-13 14:37:23'),
(980, 71, 'i9u3y5t12001100800258', '2023-06-13 14:57:27'),
(981, 71, 'q2w1e3r41999060100347', '2023-06-13 14:42:17'),
(982, 71, 'y9u0i2o42004011000215', '2023-06-13 14:56:39'),
(983, 71, 'a7s5d9f02000091200137', '2023-06-13 14:49:03'),
(984, 71, 'n6m1b9v42002051400130', '2023-06-13 15:01:55'),
(985, 71, 'z8x5c4v62006011000459', '2023-06-13 14:57:32'),
(986, 71, 't3r5e0w92001040500145', '2023-06-13 15:03:30'),
(987, 71, '0ba639012005012500112', '2023-06-13 14:54:55'),
(988, 71, 'e8z3x2c11997060100376', '2023-06-13 14:44:36'),
(989, 71, '91ef36242003040500221', '2023-06-13 15:03:02'),
(990, 71, 'y4u2i8o32000111900496', '2023-06-13 14:41:46'),
(991, 71, 'q5w7e2r82002111900467', '2023-06-13 14:55:04'),
(992, 71, 'x7z2c3v02002020100410', '2023-06-13 14:44:40'),
(993, 71, 'a3s0d6f42003020300379', '2023-06-13 14:52:18'),
(994, 72, 'u6i4o3p71999071400356', '2023-06-13 07:27:42'),
(995, 72, 'h3j5k1l71995040700143', '2023-06-13 07:40:58'),
(996, 72, 'z9x1c3v51998091200180', '2023-06-13 07:40:52'),
(997, 72, 'q7w5e3r12000032500178', '2023-06-13 07:33:16'),
(998, 72, 'q1w3e5r71993121900299', '2023-06-13 07:25:56'),
(999, 72, 'l5k7q9w31997101100344', '2023-06-13 07:38:47'),
(1000, 72, 'c5v3b7n92001082200107', '2023-06-13 07:19:19'),
(1001, 72, 'm3n1b6v22002021400111', '2023-06-13 07:31:48'),
(1002, 72, 'o7i5u9y11996030700290', '2023-06-13 07:15:59'),
(1003, 72, 'f2g9h4j62000090400189', '2023-06-13 07:33:03'),
(1004, 72, 'g3h7j9k51996051700339', '2023-06-13 07:38:31'),
(1005, 72, 'n7m1b3v91992072300308', '2023-06-13 07:25:21'),
(1006, 72, 'a0s2d4f61998051200430', '2023-06-13 07:40:38'),
(1007, 72, 'y1u9i7o52001110800379', '2023-06-13 07:16:46'),
(1008, 72, 'a2s4d6f91993012100111', '2023-06-13 07:16:26'),
(1009, 72, 'x0z8c6v42003080500466', '2023-06-13 07:38:56'),
(1010, 72, 'b8n3m7v11997100200357', '2023-06-13 07:38:00'),
(1011, 72, 'n2m0b8v61999122800370', '2023-06-13 07:30:20'),
(1012, 72, 'x2z4c6v91995092900269', '2023-06-13 07:41:52'),
(1013, 72, 'm5n7b2v81994061000427', '2023-06-13 07:29:17'),
(1014, 72, 'e4r6t0y21997013000218', '2023-06-13 07:36:17'),
(1015, 73, 's0h3g6f12002013000171', '2023-06-13 07:44:22'),
(1016, 73, 'l2k0q8w62001090500460', '2023-06-13 07:41:48'),
(1017, 73, 'j1k5l3p72000111800433', '2023-06-13 07:22:00'),
(1018, 73, 't6r3e7w02003021200406', '2023-06-13 07:18:03'),
(1019, 73, 'o3p7l9k52000081700411', '2023-06-13 07:25:59'),
(1020, 73, 'g1h8j5k72003012200369', '2023-06-13 07:28:35'),
(1021, 73, 'n4m2b8v62000101900330', '2023-06-13 07:35:51'),
(1022, 73, 'f6g4h2j82001100800227', '2023-06-13 07:39:17'),
(1023, 73, 'c5v3b7n92003110200150', '2023-06-13 07:31:30'),
(1024, 73, 'n5m8j3k12002050300377', '2023-06-13 07:27:34'),
(1025, 73, 'q5w2e8r42000032800403', '2023-06-13 07:24:07'),
(1026, 73, 'q2w4e6r82002060700415', '2023-06-13 07:23:35'),
(1027, 73, 'z4x6c8v22001040900280', '2023-06-13 07:41:22'),
(1028, 73, 'b5n9m7v32001082900173', '2023-06-13 07:39:34'),
(1029, 73, 'e4z9x2c82002020100299', '2023-06-13 07:20:23'),
(1030, 73, 'a5s7d1f32002071000266', '2023-06-13 07:25:46'),
(1031, 73, 'i7u9y3t12000031200182', '2023-06-13 07:43:05'),
(1032, 74, 'g6h1j7k22001020300452', '2023-06-14 07:32:15'),
(1033, 74, 'z8x5c4v62006011000459', '2023-06-14 07:42:00'),
(1034, 74, 'q2w1e3r41999060100347', '2023-06-14 07:18:10'),
(1035, 74, 't3r5e0w92001040500145', '2023-06-14 07:17:06'),
(1036, 74, 'g4h8j2k32003040500218', '2023-06-14 07:33:41'),
(1037, 74, 'b6v0n1m31999040500107', '2023-06-14 07:31:42'),
(1038, 74, 'y9u0i2o42004011000215', '2023-06-14 07:28:22'),
(1039, 74, 'u7i4o1p32003062500323', '2023-06-14 07:15:40'),
(1040, 74, '91ef36242003040500221', '2023-06-14 07:27:55'),
(1041, 74, 't5r7e1w32004051400210', '2023-06-14 07:39:50'),
(1042, 74, 'a7s5d9f02000091200137', '2023-06-14 07:44:47'),
(1043, 74, 'a3s0d6f42003020300379', '2023-06-14 07:39:13'),
(1044, 74, 'q5w7e2r82002111900467', '2023-06-14 07:37:56'),
(1045, 74, 'n6m1b9v42002051400130', '2023-06-14 07:21:16'),
(1046, 74, 's1h9g6f71996120800412', '2023-06-14 07:16:39'),
(1047, 74, 'l3k9q7w02005082700485', '2023-06-14 07:31:47'),
(1048, 74, 'n4m5j7k81998091200492', '2023-06-14 07:38:52'),
(1049, 74, '0ba639012005012500112', '2023-06-14 07:16:05'),
(1050, 74, 'e8z3x2c11997060100376', '2023-06-14 07:39:17'),
(1051, 74, 'o2p4l6k72001040900139', '2023-06-14 07:41:48'),
(1052, 74, 'm2n5b6v82003082700258', '2023-06-14 07:41:14'),
(1053, 74, 'i9u3y5t12001100800258', '2023-06-14 07:37:38'),
(1054, 74, 'y4u2i8o32000111900496', '2023-06-14 07:15:00'),
(1055, 75, 'e8z3x2c11997060100376', '2023-06-14 12:41:58'),
(1056, 75, 'z8x5c4v62006011000459', '2023-06-14 12:20:04'),
(1057, 75, 'l3k9q7w02005082700485', '2023-06-14 12:15:28'),
(1058, 75, '91ef36242003040500221', '2023-06-14 12:35:02'),
(1059, 75, 'g4h8j2k32003040500218', '2023-06-14 12:24:11'),
(1060, 75, 'o2p4l6k72001040900139', '2023-06-14 12:18:33'),
(1061, 75, 'g6h1j7k22001020300452', '2023-06-14 12:17:44'),
(1062, 75, 't3r5e0w92001040500145', '2023-06-14 12:39:20'),
(1063, 75, 'a3s0d6f42003020300379', '2023-06-14 12:37:25'),
(1064, 75, 'y9u0i2o42004011000215', '2023-06-14 12:18:00'),
(1065, 75, 't5r7e1w32004051400210', '2023-06-14 12:24:53'),
(1066, 75, '0ba639012005012500112', '2023-06-14 12:18:33'),
(1067, 75, 'n6m1b9v42002051400130', '2023-06-14 12:21:45'),
(1068, 75, 'n4m5j7k81998091200492', '2023-06-14 12:41:56'),
(1069, 75, 's1h9g6f71996120800412', '2023-06-14 12:39:02'),
(1070, 75, 'i9u3y5t12001100800258', '2023-06-14 12:35:02'),
(1071, 75, 'y4u2i8o32000111900496', '2023-06-14 12:44:54'),
(1072, 75, 'a7s5d9f02000091200137', '2023-06-14 12:35:02'),
(1073, 75, 'm2n5b6v82003082700258', '2023-06-14 12:33:32'),
(1074, 75, 'q2w1e3r41999060100347', '2023-06-14 12:28:01'),
(1075, 75, 'u7i4o1p32003062500323', '2023-06-14 12:36:33'),
(1076, 75, 'b6v0n1m31999040500107', '2023-06-14 12:32:10'),
(1077, 76, 'n6m1b9v42002051400130', '2023-06-14 14:44:05'),
(1078, 76, 'g4h8j2k32003040500218', '2023-06-14 14:36:04'),
(1079, 76, 'y4u2i8o32000111900496', '2023-06-14 14:52:39'),
(1080, 76, 'y9u0i2o42004011000215', '2023-06-14 14:50:05'),
(1081, 76, 'q5w7e2r82002111900467', '2023-06-14 14:56:00'),
(1082, 76, '0ba639012005012500112', '2023-06-14 14:48:37'),
(1083, 76, 'n4m5j7k81998091200492', '2023-06-14 14:41:42'),
(1084, 76, 'm2n5b6v82003082700258', '2023-06-14 14:49:08'),
(1085, 76, 'i9u3y5t12001100800258', '2023-06-14 14:44:10'),
(1086, 76, 'a3s0d6f42003020300379', '2023-06-14 14:37:39'),
(1087, 76, 'l3k9q7w02005082700485', '2023-06-14 14:59:52'),
(1088, 76, 'x7z2c3v02002020100410', '2023-06-14 15:04:44'),
(1089, 76, 't3r5e0w92001040500145', '2023-06-14 14:48:43'),
(1090, 76, 'g6h1j7k22001020300452', '2023-06-14 14:42:12'),
(1091, 76, 't5r7e1w32004051400210', '2023-06-14 14:58:29'),
(1092, 76, 'o2p4l6k72001040900139', '2023-06-14 14:47:26'),
(1093, 76, 'a7s5d9f02000091200137', '2023-06-14 14:54:20'),
(1094, 77, 'h3j5k1l71995040700143', '2023-06-14 12:21:03'),
(1095, 77, 'z9x1c3v51998091200180', '2023-06-14 12:38:32'),
(1096, 77, 'x0z8c6v42003080500466', '2023-06-14 12:17:30'),
(1097, 77, 'u6i4o3p71999071400356', '2023-06-14 12:21:11'),
(1098, 77, 'm5n7b2v81994061000427', '2023-06-14 12:40:31'),
(1099, 77, 'q7w5e3r12000032500178', '2023-06-14 12:36:50'),
(1100, 77, 'n7m1b3v91992072300308', '2023-06-14 12:38:12'),
(1101, 77, 'c5v3b7n92001082200107', '2023-06-14 12:35:21'),
(1102, 77, 'y1u9i7o52001110800379', '2023-06-14 12:20:24'),
(1103, 77, 'u9i0o2p41994040100148', '2023-06-14 12:44:34'),
(1104, 77, 'a0s2d4f61998051200430', '2023-06-14 12:30:21'),
(1105, 77, 'o7i5u9y11996030700290', '2023-06-14 12:22:33'),
(1106, 77, 'a5s3d1f92003020300153', '2023-06-14 12:17:32'),
(1107, 77, 'n2m0b8v61999122800370', '2023-06-14 12:27:26'),
(1108, 77, 'b8n3m7v11997100200357', '2023-06-14 12:42:01'),
(1109, 77, 'q1w3e5r71993121900299', '2023-06-14 12:44:12'),
(1110, 77, 't8r0e6w42000111600391', '2023-06-14 12:15:31'),
(1111, 77, 'g3h7j9k51996051700339', '2023-06-14 12:26:42'),
(1112, 78, 'b5n9m7v32001082900173', '2023-06-14 07:32:25'),
(1113, 78, 'i7u9y3t12000031200182', '2023-06-14 07:43:33'),
(1114, 78, 's0h3g6f12002013000171', '2023-06-14 07:16:55'),
(1115, 78, 'q5w2e8r42000032800403', '2023-06-14 07:29:36'),
(1116, 78, 'q2w4e6r82002060700415', '2023-06-14 07:38:30'),
(1117, 78, 'l2k0q8w62001090500460', '2023-06-14 07:22:06'),
(1118, 78, 'u9i7o5p32000122400330', '2023-06-14 07:43:47'),
(1119, 78, 'h2j6k8l42001040600398', '2023-06-14 07:35:40'),
(1120, 78, 'n4m2b8v62000101900330', '2023-06-14 07:35:05'),
(1121, 78, 't8r0e6w42003092000459', '2023-06-14 07:40:57'),
(1122, 78, 'y9u2i4o62002123100389', '2023-06-14 07:20:50'),
(1123, 78, 't6r3e7w02003021200406', '2023-06-14 07:35:29'),
(1124, 78, 'g1h8j5k72003012200369', '2023-06-14 07:23:19'),
(1125, 78, 'o3p7l9k52000081700411', '2023-06-14 07:41:34'),
(1126, 78, 'e9r7t3y12001070500161', '2023-06-14 07:28:40'),
(1127, 78, 'e4z9x2c82002020100299', '2023-06-14 07:18:52'),
(1128, 78, 'z4x6c8v22001040900280', '2023-06-14 07:36:56'),
(1129, 79, 'l2k0q8w62001090500460', '2023-06-14 14:38:02'),
(1130, 79, 't6r3e7w02003021200406', '2023-06-14 14:58:47'),
(1131, 79, 's0h3g6f12002013000171', '2023-06-14 14:45:04'),
(1132, 79, 'c5v3b7n92003110200150', '2023-06-14 14:53:54'),
(1133, 79, 't8r0e6w42003092000459', '2023-06-14 14:50:33'),
(1134, 79, 'h2j6k8l42001040600398', '2023-06-14 14:59:56'),
(1135, 79, 'i7u9y3t12000031200182', '2023-06-14 14:36:50'),
(1136, 79, 'b5n9m7v32001082900173', '2023-06-14 14:37:31'),
(1137, 79, 'j1k5l3p72000111800433', '2023-06-14 14:56:48'),
(1138, 79, 'g1h8j5k72003012200369', '2023-06-14 14:48:28'),
(1139, 79, 'e9r7t3y12001070500161', '2023-06-14 15:03:08'),
(1140, 79, 'q5w2e8r42000032800403', '2023-06-14 14:37:30'),
(1141, 79, 'b7v2n6m92002051500369', '2023-06-14 14:42:26'),
(1142, 79, 'y9u2i4o62002123100389', '2023-06-14 15:02:43'),
(1143, 79, 'f6g4h2j82001100800227', '2023-06-14 14:39:50'),
(1144, 79, 'o3p7l9k52000081700411', '2023-06-14 14:35:31'),
(1145, 79, 'e4z9x2c82002020100299', '2023-06-14 14:56:58'),
(1146, 79, 'q2w4e6r82002060700415', '2023-06-14 14:45:42'),
(1147, 79, 'n5m8j3k12002050300377', '2023-06-14 14:37:55'),
(1148, 80, '91ef36242003040500221', '2023-06-15 07:25:21'),
(1149, 80, 'x7z2c3v02002020100410', '2023-06-15 07:31:26'),
(1150, 80, 'i9u3y5t12001100800258', '2023-06-15 07:27:22'),
(1151, 80, 'l3k9q7w02005082700485', '2023-06-15 07:37:48'),
(1152, 80, 'a3s0d6f42003020300379', '2023-06-15 07:28:53'),
(1153, 80, 'n6m1b9v42002051400130', '2023-06-15 07:41:47'),
(1154, 80, 'g4h8j2k32003040500218', '2023-06-15 07:34:58'),
(1155, 80, 't5r7e1w32004051400210', '2023-06-15 07:17:22'),
(1156, 80, 'u7i4o1p32003062500323', '2023-06-15 07:35:39'),
(1157, 80, 't3r5e0w92001040500145', '2023-06-15 07:44:50'),
(1158, 80, 'q5w7e2r82002111900467', '2023-06-15 07:39:04'),
(1159, 80, 'a7s5d9f02000091200137', '2023-06-15 07:17:45'),
(1160, 80, 'q2w1e3r41999060100347', '2023-06-15 07:31:49'),
(1161, 80, 'n4m5j7k81998091200492', '2023-06-15 07:22:51'),
(1162, 80, 'z8x5c4v62006011000459', '2023-06-15 07:15:37'),
(1163, 80, '0ba639012005012500112', '2023-06-15 07:26:17'),
(1164, 80, 'b6v0n1m31999040500107', '2023-06-15 07:30:04'),
(1165, 80, 'm2n5b6v82003082700258', '2023-06-15 07:37:19'),
(1166, 80, 'y4u2i8o32000111900496', '2023-06-15 07:20:26'),
(1167, 80, 'o2p4l6k72001040900139', '2023-06-15 07:23:44'),
(1168, 80, 'e8z3x2c11997060100376', '2023-06-15 07:27:13'),
(1169, 81, 't5r7e1w32004051400210', '2023-06-15 12:39:20'),
(1170, 81, 'l3k9q7w02005082700485', '2023-06-15 12:35:19'),
(1171, 81, 'o2p4l6k72001040900139', '2023-06-15 12:32:14'),
(1172, 81, 'u7i4o1p32003062500323', '2023-06-15 12:21:59'),
(1173, 81, 'q5w7e2r82002111900467', '2023-06-15 12:28:59'),
(1174, 81, 'g4h8j2k32003040500218', '2023-06-15 12:28:11'),
(1175, 81, 's1h9g6f71996120800412', '2023-06-15 12:21:36'),
(1176, 81, 'b6v0n1m31999040500107', '2023-06-15 12:16:17'),
(1177, 81, 'y9u0i2o42004011000215', '2023-06-15 12:17:38'),
(1178, 81, 'g6h1j7k22001020300452', '2023-06-15 12:28:39'),
(1179, 81, 'a3s0d6f42003020300379', '2023-06-15 12:22:12'),
(1180, 81, 'y4u2i8o32000111900496', '2023-06-15 12:24:39'),
(1181, 81, 't3r5e0w92001040500145', '2023-06-15 12:28:42'),
(1182, 81, '0ba639012005012500112', '2023-06-15 12:20:53'),
(1183, 81, 'q2w1e3r41999060100347', '2023-06-15 12:18:34'),
(1184, 81, 'x7z2c3v02002020100410', '2023-06-15 12:25:00'),
(1185, 81, 'n4m5j7k81998091200492', '2023-06-15 12:40:04'),
(1186, 81, 'e8z3x2c11997060100376', '2023-06-15 12:35:57'),
(1187, 81, 'm2n5b6v82003082700258', '2023-06-15 12:31:57'),
(1188, 82, 'q7w5e3r12000032500178', '2023-06-15 07:38:28'),
(1189, 82, 'l5k7q9w31997101100344', '2023-06-15 07:41:55'),
(1190, 82, 'u9i0o2p41994040100148', '2023-06-15 07:21:44'),
(1191, 82, 'u6i4o3p71999071400356', '2023-06-15 07:19:02'),
(1192, 82, 'x2z4c6v91995092900269', '2023-06-15 07:31:40'),
(1193, 82, 'f2g9h4j62000090400189', '2023-06-15 07:29:46'),
(1194, 82, 'a0s2d4f61998051200430', '2023-06-15 07:28:13'),
(1195, 82, 'b8n3m7v11997100200357', '2023-06-15 07:16:03'),
(1196, 82, 'e4r6t0y21997013000218', '2023-06-15 07:22:32'),
(1197, 82, 'z9x1c3v51998091200180', '2023-06-15 07:42:25'),
(1198, 82, 'n2m0b8v61999122800370', '2023-06-15 07:20:40'),
(1199, 82, 'a2s4d6f91993012100111', '2023-06-15 07:32:55'),
(1200, 82, 'x0z8c6v42003080500466', '2023-06-15 07:31:50'),
(1201, 82, 'q1w3e5r71993121900299', '2023-06-15 07:44:20'),
(1202, 82, 'a5s3d1f92003020300153', '2023-06-15 07:16:00'),
(1203, 82, 'c5v3b7n92001082200107', '2023-06-15 07:29:15'),
(1204, 83, 'n5m8j3k12002050300377', '2023-06-15 07:39:48'),
(1205, 83, 'b7v2n6m92002051500369', '2023-06-15 07:29:03'),
(1206, 83, 'c5v3b7n92003110200150', '2023-06-15 07:40:28'),
(1207, 83, 't8r0e6w42003092000459', '2023-06-15 07:31:54'),
(1208, 83, 'b5n9m7v32001082900173', '2023-06-15 07:39:26'),
(1209, 83, 'z4x6c8v22001040900280', '2023-06-15 07:43:05'),
(1210, 83, 'e9r7t3y12001070500161', '2023-06-15 07:44:44'),
(1211, 83, 'q5w2e8r42000032800403', '2023-06-15 07:20:24'),
(1212, 83, 'y9u2i4o62002123100389', '2023-06-15 07:18:23'),
(1213, 83, 'o9p6l5k22003062500481', '2023-06-15 07:36:44'),
(1214, 83, 'i7u9y3t12000031200182', '2023-06-15 07:25:37'),
(1215, 83, 'j1k5l3p72000111800433', '2023-06-15 07:39:58'),
(1216, 83, 'f6g4h2j82001100800227', '2023-06-15 07:16:09'),
(1217, 83, 'g1h8j5k72003012200369', '2023-06-15 07:21:39'),
(1218, 83, 'h2j6k8l42001040600398', '2023-06-15 07:19:09'),
(1219, 83, 'q2w4e6r82002060700415', '2023-06-15 07:37:39'),
(1220, 84, 'b5n9m7v32001082900173', '2023-06-15 12:44:17'),
(1221, 84, 'n5m8j3k12002050300377', '2023-06-15 12:32:36'),
(1222, 84, 'h2j6k8l42001040600398', '2023-06-15 12:15:55'),
(1223, 84, 'j1k5l3p72000111800433', '2023-06-15 12:16:27'),
(1224, 84, 'o9p6l5k22003062500481', '2023-06-15 12:23:16'),
(1225, 84, 't8r0e6w42003092000459', '2023-06-15 12:23:13'),
(1226, 84, 'z4x6c8v22001040900280', '2023-06-15 12:23:08'),
(1227, 84, 'g1h8j5k72003012200369', '2023-06-15 12:36:26'),
(1228, 84, 'e4z9x2c82002020100299', '2023-06-15 12:32:23'),
(1229, 84, 'i7u9y3t12000031200182', '2023-06-15 12:44:00'),
(1230, 84, 's0h3g6f12002013000171', '2023-06-15 12:43:37'),
(1231, 84, 't6r3e7w02003021200406', '2023-06-15 12:23:11'),
(1232, 84, 'n4m2b8v62000101900330', '2023-06-15 12:21:56'),
(1233, 84, 'e9r7t3y12001070500161', '2023-06-15 12:33:12'),
(1234, 84, 'c5v3b7n92003110200150', '2023-06-15 12:37:27'),
(1235, 84, 'a5s7d1f32002071000266', '2023-06-15 12:27:04'),
(1236, 84, 'b7v2n6m92002051500369', '2023-06-15 12:37:28'),
(1237, 85, 'h3j5k1l71995040700143', '2023-06-16 12:24:11'),
(1238, 85, 'a0s2d4f61998051200430', '2023-06-16 12:30:05'),
(1239, 85, 'u9i0o2p41994040100148', '2023-06-16 12:17:09'),
(1240, 85, 'a2s4d6f91993012100111', '2023-06-16 12:18:24'),
(1241, 85, 'g8h0j4k62002062600482', '2023-06-16 12:34:44'),
(1242, 85, 'm3n1b6v22002021400111', '2023-06-16 12:37:01'),
(1243, 85, 'f2g9h4j62000090400189', '2023-06-16 12:20:24'),
(1244, 85, 'q1w3e5r71993121900299', '2023-06-16 12:35:20'),
(1245, 85, 'x2z4c6v91995092900269', '2023-06-16 12:35:16'),
(1246, 85, 'm5n7b2v81994061000427', '2023-06-16 12:33:05'),
(1247, 85, 'z9x1c3v51998091200180', '2023-06-16 12:28:58'),
(1248, 85, 'y1u9i7o52001110800379', '2023-06-16 12:17:03'),
(1249, 85, 't8r0e6w42000111600391', '2023-06-16 12:21:31'),
(1250, 85, 'n2m0b8v61999122800370', '2023-06-16 12:41:42'),
(1251, 85, 'c5v3b7n92001082200107', '2023-06-16 12:40:00'),
(1252, 85, 'x0z8c6v42003080500466', '2023-06-16 12:39:18'),
(1253, 85, 'a5s3d1f92003020300153', '2023-06-16 12:30:33'),
(1254, 86, 'i9u3y5t12001100800258', '2023-06-17 07:26:25'),
(1255, 86, 'm2n5b6v82003082700258', '2023-06-17 07:40:16'),
(1256, 86, 'g6h1j7k22001020300452', '2023-06-17 07:42:37'),
(1257, 86, 'a7s5d9f02000091200137', '2023-06-17 07:27:12'),
(1258, 86, 'u7i4o1p32003062500323', '2023-06-17 07:42:25'),
(1259, 86, 'x7z2c3v02002020100410', '2023-06-17 07:40:36'),
(1260, 86, 'e8z3x2c11997060100376', '2023-06-17 07:39:28'),
(1261, 86, 'q2w1e3r41999060100347', '2023-06-17 07:18:50'),
(1262, 86, 'g4h8j2k32003040500218', '2023-06-17 07:20:25'),
(1263, 86, 't3r5e0w92001040500145', '2023-06-17 07:25:10'),
(1264, 86, 'b6v0n1m31999040500107', '2023-06-17 07:26:53'),
(1265, 86, 'a3s0d6f42003020300379', '2023-06-17 07:35:17'),
(1266, 86, 'o2p4l6k72001040900139', '2023-06-17 07:44:16'),
(1267, 86, 'n6m1b9v42002051400130', '2023-06-17 07:25:40'),
(1268, 86, 'l3k9q7w02005082700485', '2023-06-17 07:16:17'),
(1269, 86, '0ba639012005012500112', '2023-06-17 07:18:38'),
(1270, 86, 's1h9g6f71996120800412', '2023-06-17 07:38:29'),
(1271, 86, 'n4m5j7k81998091200492', '2023-06-17 07:31:29'),
(1272, 86, 'z8x5c4v62006011000459', '2023-06-17 07:29:00'),
(1273, 86, 'y4u2i8o32000111900496', '2023-06-17 07:17:17'),
(1274, 86, 't5r7e1w32004051400210', '2023-06-17 07:27:40'),
(1275, 86, 'y9u0i2o42004011000215', '2023-06-17 07:29:59'),
(1276, 86, 'q5w7e2r82002111900467', '2023-06-17 07:41:50'),
(1277, 87, 'e4r6t0y21997013000218', '2023-06-17 09:57:30'),
(1278, 87, 't8r0e6w42000111600391', '2023-06-17 09:41:28'),
(1279, 87, 'n7m1b3v91992072300308', '2023-06-17 09:41:47'),
(1280, 87, 'c5v3b7n92001082200107', '2023-06-17 09:49:22'),
(1281, 87, 'a0s2d4f61998051200430', '2023-06-17 09:50:49'),
(1282, 87, 'o7i5u9y11996030700290', '2023-06-17 09:50:26'),
(1283, 87, 'x2z4c6v91995092900269', '2023-06-17 09:59:55'),
(1284, 87, 'u6i4o3p71999071400356', '2023-06-17 09:44:52'),
(1285, 87, 'g8h0j4k62002062600482', '2023-06-17 09:50:07'),
(1286, 87, 'q1w3e5r71993121900299', '2023-06-17 09:48:31'),
(1287, 87, 'h3j5k1l71995040700143', '2023-06-17 09:54:37'),
(1288, 87, 'a5s3d1f92003020300153', '2023-06-17 09:42:01'),
(1289, 87, 'q7w5e3r12000032500178', '2023-06-17 09:39:09'),
(1290, 87, 'm3n1b6v22002021400111', '2023-06-17 09:38:24'),
(1291, 87, 'y1u9i7o52001110800379', '2023-06-17 10:01:09'),
(1292, 87, 'g3h7j9k51996051700339', '2023-06-17 09:40:49'),
(1293, 87, 'a2s4d6f91993012100111', '2023-06-17 10:04:25'),
(1294, 88, 'm5n7b2v81994061000427', '2023-06-17 12:18:29'),
(1295, 88, 'l5k7q9w31997101100344', '2023-06-17 12:38:50'),
(1296, 88, 'f2g9h4j62000090400189', '2023-06-17 12:42:03'),
(1297, 88, 'e4r6t0y21997013000218', '2023-06-17 12:35:37'),
(1298, 88, 'u9i0o2p41994040100148', '2023-06-17 12:31:09'),
(1299, 88, 'a5s3d1f92003020300153', '2023-06-17 12:39:57'),
(1300, 88, 'q1w3e5r71993121900299', '2023-06-17 12:25:41'),
(1301, 88, 'u6i4o3p71999071400356', '2023-06-17 12:39:04'),
(1302, 88, 'x0z8c6v42003080500466', '2023-06-17 12:29:19'),
(1303, 88, 'g3h7j9k51996051700339', '2023-06-17 12:43:29'),
(1304, 88, 'y1u9i7o52001110800379', '2023-06-17 12:32:43'),
(1305, 88, 'x2z4c6v91995092900269', '2023-06-17 12:27:04'),
(1306, 88, 'n2m0b8v61999122800370', '2023-06-17 12:18:48'),
(1307, 88, 'o7i5u9y11996030700290', '2023-06-17 12:15:51'),
(1308, 88, 'n7m1b3v91992072300308', '2023-06-17 12:31:46'),
(1309, 88, 'z9x1c3v51998091200180', '2023-06-17 12:44:31'),
(1310, 88, 'b8n3m7v11997100200357', '2023-06-17 12:28:30'),
(1311, 88, 'h3j5k1l71995040700143', '2023-06-17 12:21:02'),
(1312, 88, 'a2s4d6f91993012100111', '2023-06-17 12:30:10'),
(1313, 88, 'm3n1b6v22002021400111', '2023-06-17 12:17:40'),
(1314, 89, 'i7u9y3t12000031200182', '2023-06-17 09:39:30'),
(1315, 89, 'b5n9m7v32001082900173', '2023-06-17 09:53:27'),
(1316, 89, 't8r0e6w42003092000459', '2023-06-17 09:41:25'),
(1317, 89, 'j1k5l3p72000111800433', '2023-06-17 09:47:17'),
(1318, 89, 'c5v3b7n92003110200150', '2023-06-17 09:43:28'),
(1319, 89, 'o9p6l5k22003062500481', '2023-06-17 09:48:59'),
(1320, 89, 'y9u2i4o62002123100389', '2023-06-17 09:59:27'),
(1321, 89, 'n5m8j3k12002050300377', '2023-06-17 09:56:48'),
(1322, 89, 'e4z9x2c82002020100299', '2023-06-17 09:51:28'),
(1323, 89, 't6r3e7w02003021200406', '2023-06-17 09:57:01'),
(1324, 89, 'u9i7o5p32000122400330', '2023-06-17 09:49:02'),
(1325, 89, 'e9r7t3y12001070500161', '2023-06-17 09:57:28'),
(1326, 89, 'l2k0q8w62001090500460', '2023-06-17 09:52:04'),
(1327, 89, 'n4m2b8v62000101900330', '2023-06-17 09:55:12'),
(1328, 89, 'q5w2e8r42000032800403', '2023-06-17 09:42:22'),
(1329, 89, 'h2j6k8l42001040600398', '2023-06-17 09:44:25'),
(1330, 89, 'o3p7l9k52000081700411', '2023-06-17 09:36:45');

-- --------------------------------------------------------

--
-- Table structure for table `sessions`
--

CREATE TABLE `sessions` (
  `id_session` int(11) NOT NULL,
  `nom_session` varchar(50) NOT NULL,
  `date_start` datetime NOT NULL,
  `date_end` datetime NOT NULL,
  `class_id` int(11) NOT NULL
) ENGINE=InnoDB DEFAULT CHARSET=utf8mb4 COLLATE=utf8mb4_general_ci;

--
-- Dumping data for table `sessions`
--

INSERT INTO `sessions` (`id_session`, `nom_session`, `date_start`, `date_end`, `class_id`) VALUES
(65, 'programmer en orienté objet', '2023-06-12 13:30:00', '2023-06-12 18:30:00', 1),
(66, 'bureautique', '2023-06-12 08:30:00', '2023-06-12 13:30:00', 34),
(67, 'organisation d\'entreprise', '2023-06-12 13:30:00', '2023-06-12 18:30:00', 34),
(68, 'métier et formation dans le secteur agc', '2023-06-12 08:30:00', '2023-06-12 13:30:00', 35),
(69, 'programmer en orienté objet', '2023-06-13 08:30:00', '2023-06-13 13:30:00', 1),
(70, 'entrepreneuriat-pie', '2023-06-13 13:30:00', '2023-06-13 15:50:00', 1),
(71, 'développer des sites web dynamiques', '2023-06-13 15:50:00', '2023-06-13 18:30:00', 1),
(72, 'français', '2023-06-13 08:30:00', '2023-06-13 13:30:00', 34),
(73, 'communication ecrite et orale', '2023-06-13 08:30:00', '2023-06-13 13:30:00', 35),
(74, 'développer des sites web dynamiques', '2023-06-14 08:30:00', '2023-06-14 13:30:00', 1),
(75, 'manipuler des bases de données', '2023-06-14 13:30:00', '2023-06-14 15:50:00', 1),
(76, 'français', '2023-06-14 15:50:00', '2023-06-14 18:30:00', 1),
(77, 'numérisation et préparation des images', '2023-06-14 13:30:00', '2023-06-14 18:30:00', 34),
(78, 'métier et formation dans le secteur agc', '2023-06-14 08:30:00', '2023-06-14 13:30:00', 35),
(79, 'l’entreprise et son environnement', '2023-06-14 15:50:00', '2023-06-14 18:30:00', 35),
(80, 'manipuler des bases de données', '2023-06-15 08:30:00', '2023-06-15 13:30:00', 1),
(81, 'programmer en javascript', '2023-06-15 13:30:00', '2023-06-15 18:30:00', 1),
(82, 'procédés et contraintes d\'impression et de finitio', '2023-06-15 08:30:00', '2023-06-15 13:30:00', 34),
(83, 'comptabilité générale : les opérations courantes', '2023-06-15 08:30:00', '2023-06-15 13:30:00', 35),
(84, 'anglais technique', '2023-06-15 13:30:00', '2023-06-15 18:30:00', 35),
(85, 'assurance et contrôle de qualité', '2023-06-16 13:30:00', '2023-06-16 18:30:00', 34),
(86, 'programmer en javascript', '2023-06-17 08:30:00', '2023-06-17 13:30:00', 1),
(87, 'assurance et contrôle de qualité', '2023-06-17 10:50:00', '2023-06-17 13:30:00', 34),
(88, 'traitement des illustrations', '2023-06-17 13:30:00', '2023-06-17 18:30:00', 34),
(89, 'bureautique', '2023-06-17 10:50:00', '2023-06-17 13:30:00', 35);

-- --------------------------------------------------------

--
-- Table structure for table `student`
--

CREATE TABLE `student` (
  `student_id` varchar(13) NOT NULL,
  `first_name` varchar(50) NOT NULL,
  `last_name` varchar(50) NOT NULL,
  `birthday` date NOT NULL,
  `gender` varchar(40) NOT NULL,
  `class_id` int(11) NOT NULL
) ENGINE=InnoDB DEFAULT CHARSET=utf8mb4 COLLATE=utf8mb4_general_ci;

--
-- Dumping data for table `student`
--

INSERT INTO `student` (`student_id`, `first_name`, `last_name`, `birthday`, `gender`, `class_id`) VALUES
('1992072300308', 'Tarik', 'El Hamdouchi', '1992-07-23', 'male', 34),
('1993012100111', 'Noura', 'Kabbaj', '1993-01-21', 'female', 34),
('1993121900299', 'Rachid', 'Bouazzaoui', '1993-12-19', 'male', 34),
('1994040100148', 'Hamza', 'Zerouali', '1994-04-01', 'male', 34),
('1994061000427', 'Samira', 'Idrissi', '1994-06-10', 'female', 34),
('1995040700143', 'Hafsa', 'Mernissi', '1995-04-07', 'female', 34),
('1995092900269', 'Abdelkader', 'Oulad Ali', '1995-09-29', 'male', 34),
('1996030700290', 'Youssef', 'Mernissi', '1996-03-07', 'male', 34),
('1996051700339', 'Salma', 'Hajji', '1996-05-17', 'female', 34),
('1996120800412', 'Kaoutar', 'Kabbaj', '1996-12-08', 'female', 1),
('1997013000218', 'Mohamed Amine', 'Chraibi', '1997-01-30', 'male', 34),
('1997060100376', 'Leila', 'Jilali', '1997-06-01', 'female', 1),
('1997100200357', 'Amira', 'Laaroussi', '1997-10-02', 'female', 34),
('1997101100344', 'Omar', 'Sefrioui', '1997-10-11', 'male', 34),
('1998051200430', 'Mohammed', 'Kabbaj', '1998-05-12', 'male', 34),
('1998091200180', 'Fatima', 'Fekkak', '1998-09-12', 'female', 34),
('1998091200492', 'Aicha', 'Idrissi', '1998-09-12', 'female', 1),
('1999040500107', 'Hayat', 'Haddad', '1999-04-05', 'female', 1),
('1999060100347', 'Abdejalil', 'Tazi', '1999-06-01', 'male', 1),
('1999071400356', 'Mustapha', 'Qadiri', '1999-07-14', 'male', 34),
('1999122800370', 'Zahra', 'Jilali', '1999-12-28', 'female', 34),
('2000031200182', 'Abdullah', 'Maadawi', '2000-03-12', 'male', 35),
('2000032500178', 'Amina', 'Gharbaoui', '2000-03-25', 'female', 34),
('2000032800403', 'Amina', 'Belhaj', '2000-03-28', 'female', 35),
('2000081700411', 'Waliyah', 'Al-Mokhtar', '2000-08-17', 'female', 35),
('2000090400189', 'Malika', 'Laaroussi', '2000-09-04', 'female', 34),
('2000091200137', 'Jamal', 'Sefrioui', '2000-09-12', 'male', 1),
('2000101900330', 'Zahra', 'Haddad', '2000-10-19', 'female', 35),
('2000111600391', 'Hassan', 'Najjar', '2000-11-16', 'male', 34),
('2000111800433', 'Amine', 'Benzakour', '2000-11-18', 'male', 35),
('2000111900496', 'Safia', 'Ghanem', '2000-11-19', 'female', 1),
('2000122400330', 'Noura', 'Laaroussi', '2000-12-24', 'female', 35),
('2001020300452', 'Zara', 'Fassi', '2001-02-03', 'female', 1),
('2001040500145', 'Aziz', 'Rahmani', '2001-04-05', 'male', 1),
('2001040600398', 'Samira', 'Ghanem', '2001-04-06', 'female', 35),
('2001040900139', 'Anas', 'Zerouali', '2001-04-09', 'male', 1),
('2001040900280', 'Karim', 'Al-Jirari', '2001-04-09', 'male', 35),
('2001070500161', 'Noureddine', 'Mansouri', '2001-07-05', 'male', 35),
('2001082200107', 'Ahmed', 'Laaroussi', '2001-08-22', 'male', 34),
('2001082900173', 'Hafsa', 'Kabbaj', '2001-08-29', 'female', 35),
('2001090500460', 'Fatima Zahra', 'Amrani', '2001-09-05', 'female', 35),
('2001100800227', 'Zahra', 'Chatti', '2001-10-08', 'female', 35),
('2001100800258', 'Hamid', 'Dkhissi', '2001-10-08', 'male', 1),
('2001110800379', 'Saad', 'Dkhissi', '2001-11-08', 'male', 34),
('2002013000171', 'Malika', 'Mernissi', '2002-01-30', 'female', 35),
('2002020100299', 'Rachida', 'El Meliani', '2002-02-01', 'female', 35),
('2002020100410', 'Younes', 'Chraibi', '2002-02-01', 'male', 1),
('2002021400111', 'Sanaa', 'Kabbaj', '2002-02-14', 'female', 34),
('2002050300377', 'Tarik', 'Daoud', '2002-05-03', 'male', 35),
('2002051400130', 'Soukaina', 'El Azzouzi', '2002-05-14', 'female', 1),
('2002051500369', 'Khadija', 'Fassi', '2002-05-15', 'female', 35),
('2002060700415', 'Amira', 'Jilali', '2002-06-07', 'female', 35),
('2002062600482', 'Karim', 'Tazi', '2002-06-26', 'male', 34),
('2002071000266', 'horya', 'Marouazi', '2002-07-10', 'female', 35),
('2002111900467', 'Adil', 'Qadiri', '2002-11-19', 'male', 1),
('2002123100389', 'Nasra', 'Joumari', '2002-12-31', 'female', 35),
('2003012200369', 'Ahlam', 'Seddiki', '2003-01-22', 'female', 35),
('2003020300153', 'Khalid', 'Rahmani', '2003-02-03', 'male', 34),
('2003020300379', 'Idriss', 'Oulad Ali', '2003-02-03', 'male', 1),
('2003021200406', 'Sanaa', 'Idrissi', '2003-02-12', 'female', 35),
('2003040200001', 'rida', 'maazi', '2003-02-04', 'male', 1),
('2003040500218', 'Hassan', 'Aboulfarah', '2005-01-13', 'male', 1),
('2003040500221', 'oussama', 'zriouile', '2003-04-05', 'male', 1),
('2003062500323', 'Noureddine', 'Bouazzaoui', '2003-06-25', 'male', 1),
('2003062500481', 'Kadeen', 'Mernissi', '2003-06-25', 'male', 35),
('2003080500466', 'Khadija', 'Haddad', '2003-08-05', 'female', 34),
('2003082700258', 'Meryem', 'Belhaj', '2003-08-27', 'female', 1),
('2003092000459', 'Zaky', 'El Hajjam', '2003-09-20', 'male', 35),
('2003110200150', 'Salma', 'El Azzouzi', '2003-11-02', 'female', 35),
('2004011000215', 'Asma', 'Amrani', '2004-01-10', 'female', 1),
('2004051400210', 'Tarik', 'Najjar', '2004-05-14', 'male', 1),
('2005012500112', 'ismail', 'ait bouhmad', '2005-02-01', 'male', 1),
('2005082700485', 'Saad', 'Mernissi', '2005-08-27', 'male', 1),
('2006011000459', 'Mohamed Amine', 'Laaroussi', '2006-01-10', 'male', 1);

-- --------------------------------------------------------

--
-- Table structure for table `time_table`
--

CREATE TABLE `time_table` (
  `id` int(11) NOT NULL,
  `class_id` int(11) NOT NULL,
  `module` varchar(100) NOT NULL,
  `time_start` time NOT NULL,
  `time_end` time NOT NULL,
  `day` int(11) NOT NULL
) ENGINE=InnoDB DEFAULT CHARSET=utf8mb4 COLLATE=utf8mb4_general_ci;

--
-- Dumping data for table `time_table`
--

INSERT INTO `time_table` (`id`, `class_id`, `module`, `time_start`, `time_end`, `day`) VALUES
(31, 1, 'programmer en orienté objet', '13:30:00', '18:30:00', 0),
(34, 1, 'programmer en orienté objet', '08:30:00', '13:30:00', 1),
(35, 1, 'entrepreneuriat-pie', '13:30:00', '15:50:00', 1),
(36, 1, 'développer des sites web dynamiques', '15:50:00', '18:30:00', 1),
(37, 1, 'développer des sites web dynamiques', '08:30:00', '13:30:00', 2),
(38, 1, 'manipuler des bases de données', '13:30:00', '15:50:00', 2),
(39, 1, 'français', '15:50:00', '18:30:00', 2),
(40, 1, 'manipuler des bases de données', '08:30:00', '13:30:00', 3),
(41, 1, 'programmer en javascript', '13:30:00', '18:30:00', 3),
(42, 1, 'programmer en javascript', '08:30:00', '13:30:00', 5),
(43, 34, 'bureautique', '08:30:00', '13:30:00', 0),
(44, 34, 'organisation d\'entreprise', '13:30:00', '18:30:00', 0),
(45, 34, 'français', '08:30:00', '13:30:00', 1),
(46, 34, 'numérisation et préparation des images', '13:30:00', '18:30:00', 2),
(48, 34, 'procédés et contraintes d\'impression et de finition', '08:30:00', '13:30:00', 3),
(49, 34, 'assurance et contrôle de qualité', '13:30:00', '18:30:00', 4),
(50, 34, 'assurance et contrôle de qualité', '10:50:00', '13:30:00', 5),
(51, 34, 'traitement des illustrations', '13:30:00', '18:30:00', 5),
(52, 35, 'métier et formation dans le secteur agc', '08:30:00', '13:30:00', 0),
(53, 35, 'communication ecrite et orale', '08:30:00', '13:30:00', 1),
(54, 35, 'métier et formation dans le secteur agc', '08:30:00', '13:30:00', 2),
(55, 35, 'l’entreprise et son environnement', '15:50:00', '18:30:00', 2),
(56, 35, 'comptabilité générale : les opérations courantes', '08:30:00', '13:30:00', 3),
(57, 35, 'anglais technique', '13:30:00', '18:30:00', 3),
(58, 35, 'bureautique', '10:50:00', '13:30:00', 5);

--
-- Indexes for dumped tables
--

--
-- Indexes for table `admin`
--
ALTER TABLE `admin`
  ADD PRIMARY KEY (`username`);

--
-- Indexes for table `cards`
--
ALTER TABLE `cards`
  ADD PRIMARY KEY (`card_id`),
  ADD KEY `cards_ibfk_1` (`student_id`);

--
-- Indexes for table `classe`
--
ALTER TABLE `classe`
  ADD PRIMARY KEY (`class_id`),
  ADD UNIQUE KEY `name` (`name`,`level`);

--
-- Indexes for table `log_history`
--
ALTER TABLE `log_history`
  ADD PRIMARY KEY (`scan_id`),
  ADD UNIQUE KEY `session_id` (`session_id`,`card_id`),
  ADD KEY `card_id` (`card_id`);

--
-- Indexes for table `sessions`
--
ALTER TABLE `sessions`
  ADD PRIMARY KEY (`id_session`),
  ADD UNIQUE KEY `date_start` (`date_start`,`class_id`),
  ADD KEY `class_id` (`class_id`);

--
-- Indexes for table `student`
--
ALTER TABLE `student`
  ADD PRIMARY KEY (`student_id`),
  ADD KEY `fk_class` (`class_id`);

--
-- Indexes for table `time_table`
--
ALTER TABLE `time_table`
  ADD PRIMARY KEY (`id`),
  ADD UNIQUE KEY `id_class` (`class_id`,`time_start`,`day`),
  ADD UNIQUE KEY `id_class_2` (`class_id`,`time_end`,`day`);

--
-- AUTO_INCREMENT for dumped tables
--

--
-- AUTO_INCREMENT for table `classe`
--
ALTER TABLE `classe`
  MODIFY `class_id` int(11) NOT NULL AUTO_INCREMENT, AUTO_INCREMENT=36;

--
-- AUTO_INCREMENT for table `log_history`
--
ALTER TABLE `log_history`
  MODIFY `scan_id` bigint(100) NOT NULL AUTO_INCREMENT, AUTO_INCREMENT=1331;

--
-- AUTO_INCREMENT for table `sessions`
--
ALTER TABLE `sessions`
  MODIFY `id_session` int(11) NOT NULL AUTO_INCREMENT, AUTO_INCREMENT=90;

--
-- AUTO_INCREMENT for table `time_table`
--
ALTER TABLE `time_table`
  MODIFY `id` int(11) NOT NULL AUTO_INCREMENT, AUTO_INCREMENT=59;

--
-- Constraints for dumped tables
--

--
-- Constraints for table `cards`
--
ALTER TABLE `cards`
  ADD CONSTRAINT `cards_ibfk_1` FOREIGN KEY (`student_id`) REFERENCES `student` (`student_id`) ON UPDATE CASCADE;

--
-- Constraints for table `log_history`
--
ALTER TABLE `log_history`
  ADD CONSTRAINT `log_history_ibfk_1` FOREIGN KEY (`card_id`) REFERENCES `cards` (`card_id`),
  ADD CONSTRAINT `log_history_ibfk_2` FOREIGN KEY (`session_id`) REFERENCES `sessions` (`id_session`) ON DELETE CASCADE ON UPDATE CASCADE;

--
-- Constraints for table `sessions`
--
ALTER TABLE `sessions`
  ADD CONSTRAINT `sessions_ibfk_1` FOREIGN KEY (`class_id`) REFERENCES `classe` (`class_id`) ON UPDATE CASCADE;

--
-- Constraints for table `student`
--
ALTER TABLE `student`
  ADD CONSTRAINT `student_ibfk_1` FOREIGN KEY (`class_id`) REFERENCES `classe` (`class_id`) ON UPDATE CASCADE;

--
-- Constraints for table `time_table`
--
ALTER TABLE `time_table`
  ADD CONSTRAINT `time_table_ibfk_1` FOREIGN KEY (`class_id`) REFERENCES `classe` (`class_id`) ON UPDATE CASCADE;
COMMIT;

/*!40101 SET CHARACTER_SET_CLIENT=@OLD_CHARACTER_SET_CLIENT */;
/*!40101 SET CHARACTER_SET_RESULTS=@OLD_CHARACTER_SET_RESULTS */;
/*!40101 SET COLLATION_CONNECTION=@OLD_COLLATION_CONNECTION */;
